--
-- PostgreSQL database dump
--

-- Dumped from database version 9.1.19
-- Dumped by pg_dump version 9.1.19
-- Started on 2019-01-09 19:11:05

SET statement_timeout = 0;
SET client_encoding = 'UTF8';
SET standard_conforming_strings = on;
SET check_function_bodies = false;
SET client_min_messages = warning;

--
-- TOC entry 180 (class 3079 OID 11639)
-- Name: plpgsql; Type: EXTENSION; Schema: -; Owner: 
--

CREATE EXTENSION IF NOT EXISTS plpgsql WITH SCHEMA pg_catalog;


--
-- TOC entry 1993 (class 0 OID 0)
-- Dependencies: 180
-- Name: EXTENSION plpgsql; Type: COMMENT; Schema: -; Owner: 
--

COMMENT ON EXTENSION plpgsql IS 'PL/pgSQL procedural language';


SET search_path = public, pg_catalog;

SET default_tablespace = '';

SET default_with_oids = false;

--
-- TOC entry 171 (class 1259 OID 202931)
-- Dependencies: 5
-- Name: cargos; Type: TABLE; Schema: public; Owner: postgres; Tablespace: 
--

CREATE TABLE cargos (
    id integer NOT NULL,
    nombre_cargo text,
    observaciones text,
    estado text,
    fecha_creacion timestamp with time zone
);


ALTER TABLE public.cargos OWNER TO postgres;

--
-- TOC entry 163 (class 1259 OID 161603)
-- Dependencies: 5
-- Name: ciudad; Type: TABLE; Schema: public; Owner: postgres; Tablespace: 
--

CREATE TABLE ciudad (
    id integer NOT NULL,
    id_provincia integer,
    codigo text,
    nombre_ciudad text,
    estado boolean,
    fecha_creacion timestamp with time zone
);


ALTER TABLE public.ciudad OWNER TO postgres;

--
-- TOC entry 164 (class 1259 OID 161609)
-- Dependencies: 5 163
-- Name: ciudad_id_seq; Type: SEQUENCE; Schema: public; Owner: postgres
--

CREATE SEQUENCE ciudad_id_seq
    START WITH 1
    INCREMENT BY 1
    NO MINVALUE
    NO MAXVALUE
    CACHE 1;


ALTER TABLE public.ciudad_id_seq OWNER TO postgres;

--
-- TOC entry 1994 (class 0 OID 0)
-- Dependencies: 164
-- Name: ciudad_id_seq; Type: SEQUENCE OWNED BY; Schema: public; Owner: postgres
--

ALTER SEQUENCE ciudad_id_seq OWNED BY ciudad.id;


--
-- TOC entry 169 (class 1259 OID 178341)
-- Dependencies: 5
-- Name: clientes; Type: TABLE; Schema: public; Owner: postgres; Tablespace: 
--

CREATE TABLE clientes (
    id integer NOT NULL,
    nombres text,
    apellidos text,
    direccion text,
    telefono text,
    email text,
    clave text,
    condiciones text,
    estado text,
    fecha_creacion timestamp with time zone
);


ALTER TABLE public.clientes OWNER TO postgres;

--
-- TOC entry 172 (class 1259 OID 203043)
-- Dependencies: 5
-- Name: empleados; Type: TABLE; Schema: public; Owner: postgres; Tablespace: 
--

CREATE TABLE empleados (
    id integer NOT NULL,
    identificacion text,
    nombres_completos text,
    telefono1 text,
    telefono2 text,
    id_ciudad integer,
    direccion text,
    correo text,
    imagen text,
    observaciones text,
    clave text,
    estado text,
    fecha_creacion timestamp with time zone
);


ALTER TABLE public.empleados OWNER TO postgres;

--
-- TOC entry 167 (class 1259 OID 161647)
-- Dependencies: 5
-- Name: empresa; Type: TABLE; Schema: public; Owner: postgres; Tablespace: 
--

CREATE TABLE empresa (
    id integer NOT NULL,
    ruc text,
    razon_social text,
    nombre_comercial text,
    telefono1 text,
    telefono2 text,
    ciudad text,
    direccion text,
    correo text,
    sitio_web text,
    slogan text,
    imagen text,
    observaciones text,
    estado text,
    feha_creacion timestamp with time zone
);


ALTER TABLE public.empresa OWNER TO postgres;

--
-- TOC entry 179 (class 1259 OID 334013)
-- Dependencies: 5
-- Name: llamado; Type: TABLE; Schema: public; Owner: postgres; Tablespace: 
--

CREATE TABLE llamado (
    id integer NOT NULL,
    id_cliente integer,
    id_servicio integer,
    latitud text,
    longitud text,
    descripcion text,
    estado text,
    fecha_creacion timestamp with time zone
);


ALTER TABLE public.llamado OWNER TO postgres;

--
-- TOC entry 178 (class 1259 OID 334005)
-- Dependencies: 5
-- Name: mensajeria_respuesta; Type: TABLE; Schema: public; Owner: postgres; Tablespace: 
--

CREATE TABLE mensajeria_respuesta (
    id integer NOT NULL,
    id_respuesta integer,
    mensaje text,
    estado text,
    fecha_creacion timestamp with time zone
);


ALTER TABLE public.mensajeria_respuesta OWNER TO postgres;

--
-- TOC entry 170 (class 1259 OID 202923)
-- Dependencies: 5
-- Name: perfil; Type: TABLE; Schema: public; Owner: postgres; Tablespace: 
--

CREATE TABLE perfil (
    id integer NOT NULL,
    nombre_perfil text,
    observaciones text,
    estado text,
    fecha_creacion timestamp with time zone
);


ALTER TABLE public.perfil OWNER TO postgres;

--
-- TOC entry 166 (class 1259 OID 161639)
-- Dependencies: 5
-- Name: privilegios; Type: TABLE; Schema: public; Owner: postgres; Tablespace: 
--

CREATE TABLE privilegios (
    id integer NOT NULL,
    id_perfil integer,
    data text,
    estado text,
    fecha_creacion timestamp with time zone
);


ALTER TABLE public.privilegios OWNER TO postgres;

--
-- TOC entry 161 (class 1259 OID 161592)
-- Dependencies: 5
-- Name: provincias; Type: TABLE; Schema: public; Owner: postgres; Tablespace: 
--

CREATE TABLE provincias (
    id integer NOT NULL,
    codigo text,
    nombre_provincia text,
    codigo_telefonico text,
    estado boolean,
    fecha_creacion timestamp with time zone
);


ALTER TABLE public.provincias OWNER TO postgres;

--
-- TOC entry 162 (class 1259 OID 161598)
-- Dependencies: 5 161
-- Name: provincia_id_seq; Type: SEQUENCE; Schema: public; Owner: postgres
--

CREATE SEQUENCE provincia_id_seq
    START WITH 1
    INCREMENT BY 1
    NO MINVALUE
    NO MAXVALUE
    CACHE 1;


ALTER TABLE public.provincia_id_seq OWNER TO postgres;

--
-- TOC entry 1995 (class 0 OID 0)
-- Dependencies: 162
-- Name: provincia_id_seq; Type: SEQUENCE OWNED BY; Schema: public; Owner: postgres
--

ALTER SEQUENCE provincia_id_seq OWNED BY provincias.id;


--
-- TOC entry 173 (class 1259 OID 325789)
-- Dependencies: 5
-- Name: relacion_cargos; Type: TABLE; Schema: public; Owner: postgres; Tablespace: 
--

CREATE TABLE relacion_cargos (
    id integer NOT NULL,
    id_empleado integer,
    id_cargo integer,
    estado text,
    fecha_creacion timestamp with time zone
);


ALTER TABLE public.relacion_cargos OWNER TO postgres;

--
-- TOC entry 174 (class 1259 OID 325797)
-- Dependencies: 5
-- Name: relacion_servicios; Type: TABLE; Schema: public; Owner: postgres; Tablespace: 
--

CREATE TABLE relacion_servicios (
    id integer NOT NULL,
    id_empleado integer,
    id_servicio integer,
    estado text,
    fecha_creacion timestamp with time zone
);


ALTER TABLE public.relacion_servicios OWNER TO postgres;

--
-- TOC entry 175 (class 1259 OID 333981)
-- Dependencies: 5
-- Name: responsable_winchas; Type: TABLE; Schema: public; Owner: postgres; Tablespace: 
--

CREATE TABLE responsable_winchas (
    id integer NOT NULL,
    id_responsable integer,
    id_wincha integer,
    estado text,
    fecha_creacion timestamp with time zone
);


ALTER TABLE public.responsable_winchas OWNER TO postgres;

--
-- TOC entry 177 (class 1259 OID 333997)
-- Dependencies: 5
-- Name: respuesta; Type: TABLE; Schema: public; Owner: postgres; Tablespace: 
--

CREATE TABLE respuesta (
    id integer NOT NULL,
    id_empleado integer,
    id_llamado integer,
    latitud text,
    longitud text,
    tiempo text,
    pago text,
    seguro text,
    estado text,
    fecha_creacion timestamp with time zone
);


ALTER TABLE public.respuesta OWNER TO postgres;

--
-- TOC entry 168 (class 1259 OID 178333)
-- Dependencies: 5
-- Name: servicios; Type: TABLE; Schema: public; Owner: postgres; Tablespace: 
--

CREATE TABLE servicios (
    id integer NOT NULL,
    servicio text,
    observaciones text,
    estado text,
    fecha_creacion timestamp with time zone
);


ALTER TABLE public.servicios OWNER TO postgres;

--
-- TOC entry 165 (class 1259 OID 161623)
-- Dependencies: 5
-- Name: usuarios; Type: TABLE; Schema: public; Owner: postgres; Tablespace: 
--

CREATE TABLE usuarios (
    id integer NOT NULL,
    identificacion text,
    nombres_completos text,
    telefono1 text,
    telefono2 text,
    id_ciudad integer,
    direccion text,
    correo text,
    usuario text,
    clave text,
    id_perfil integer,
    imagen text,
    observaciones text,
    estado text,
    fecha_creacion timestamp with time zone
);


ALTER TABLE public.usuarios OWNER TO postgres;

--
-- TOC entry 176 (class 1259 OID 333989)
-- Dependencies: 5
-- Name: winchas; Type: TABLE; Schema: public; Owner: postgres; Tablespace: 
--

CREATE TABLE winchas (
    id integer NOT NULL,
    modelo text,
    servicio text,
    placa text,
    id_responsable integer,
    imagen text,
    estado text,
    fecha_creacion timestamp with time zone
);


ALTER TABLE public.winchas OWNER TO postgres;

--
-- TOC entry 1831 (class 2604 OID 161611)
-- Dependencies: 164 163
-- Name: id; Type: DEFAULT; Schema: public; Owner: postgres
--

ALTER TABLE ONLY ciudad ALTER COLUMN id SET DEFAULT nextval('ciudad_id_seq'::regclass);


--
-- TOC entry 1830 (class 2604 OID 161600)
-- Dependencies: 162 161
-- Name: id; Type: DEFAULT; Schema: public; Owner: postgres
--

ALTER TABLE ONLY provincias ALTER COLUMN id SET DEFAULT nextval('provincia_id_seq'::regclass);


--
-- TOC entry 1977 (class 0 OID 202931)
-- Dependencies: 171 1986
-- Data for Name: cargos; Type: TABLE DATA; Schema: public; Owner: postgres
--

COPY cargos (id, nombre_cargo, observaciones, estado, fecha_creacion) FROM stdin;
1	MECANICO	Ninguna	1	2018-01-22 10:59:22-05
2	TECNICO	Ninguna	1	2018-01-22 10:59:22-05
3	CONDUCTOR	Ninguna	1	2018-06-27 11:54:58-05
4	AUXILIAR MEDICO		1	2018-06-27 11:55:28-05
\.


--
-- TOC entry 1969 (class 0 OID 161603)
-- Dependencies: 163 1986
-- Data for Name: ciudad; Type: TABLE DATA; Schema: public; Owner: postgres
--

COPY ciudad (id, id_provincia, codigo, nombre_ciudad, estado, fecha_creacion) FROM stdin;
1	1	0101	CUENCA	t	2017-12-04 17:46:02-05
2	1	0102	GIRÓN\r\n	t	2017-12-04 17:46:02-05
3	1	0103	GUALACEO\r\n	t	2017-12-04 17:46:02-05
4	1	0104	NABÓN\r\n	t	2017-12-04 17:46:02-05
5	1	0105	PAUTE	t	2017-12-04 17:46:02-05
6	1	0106	PUCARA	t	2017-12-04 17:46:02-05
7	1	0107	SAN FERNANDO	t	2017-12-04 17:46:02-05
8	1	0108	SANTA ISABEL	t	2017-12-04 17:46:02-05
10	1	0109	SIGSIG	t	2017-12-04 17:46:02-05
11	1	0110	OÑA	t	2017-12-04 17:46:02-05
12	1	0111	CHORDELEG\r\n	t	2017-12-04 17:46:02-05
13	1	0112	EL PAN	t	2017-12-04 17:46:02-05
14	1	0113	SEVILLA DE ORO	t	2017-12-04 17:46:02-05
15	1	0114	GUACHAPALA	t	2017-12-04 17:46:02-05
16	1	0115	CAMILO PONCE ENRÍQUEZ	t	2017-12-04 17:46:02-05
17	2	0201	GUARANDA	t	2017-12-04 17:46:02-05
18	2	0202	CHILLANES	t	2017-12-04 17:46:02-05
19	2	0203	CHIMBO	t	2017-12-04 17:46:02-05
20	2	0204	ECHEANDÍA	t	2017-12-04 17:46:02-05
21	2	0205	SAN MIGUEL	t	2017-12-04 17:46:02-05
22	2	0206	CALUMA	t	2017-12-04 17:46:02-05
23	2	0207	LAS NAVES	t	2017-12-04 17:46:02-05
24	3	0301	AZOGUES	t	2017-12-04 17:46:02-05
25	3	0302	BIBLIÁN	t	2017-12-04 17:46:02-05
26	3	0303	CAÑAR	t	2017-12-04 17:46:02-05
27	3	0304	LA TRONCAL	t	2017-12-04 17:46:02-05
28	3	0305	EL TAMBO	t	2017-12-04 17:46:02-05
29	3	0306	DÉLEG	t	2017-12-04 17:46:02-05
30	3	0307	SUSCAL	t	2017-12-04 17:46:02-05
31	4	0401	TULCÁN	t	2017-12-04 17:46:02-05
32	4	0402	BOLÍVAR	t	2017-12-04 17:46:02-05
33	4	0403	ESPEJO	t	2017-12-04 17:46:02-05
34	4	0404	MIRA	t	2017-12-04 17:46:02-05
35	4	0405	MONTÚFAR	t	2017-12-04 17:46:02-05
36	4	0406	SAN PEDRO DE HUACA	t	2017-12-04 17:46:02-05
37	5	0501	LATACUNGA	t	2017-12-04 17:46:02-05
38	5	0502	LA MANÁ	t	2017-12-04 17:46:02-05
39	5	0503	PANGUA	t	2017-12-04 17:46:02-05
40	5	0504	PUJILI	t	2017-12-04 17:46:02-05
41	5	0505	SALCEDO	t	2017-12-04 17:46:02-05
42	5	0506	SAQUISILÍ	t	2017-12-04 17:46:02-05
43	5	0507	SIGCHOS	t	2017-12-04 17:46:02-05
44	6	0601	RIOBAMBA	t	2017-12-04 17:46:02-05
45	6	0602	ALAUSI	t	2017-12-04 17:46:02-05
46	6	0603	COLTA	t	2017-12-04 17:46:02-05
47	6	0604	CHAMBO	t	2017-12-04 17:46:02-05
48	6	0605	CHUNCHI	t	2017-12-04 17:46:02-05
49	6	0606	GUAMOTE	t	2017-12-04 17:46:02-05
50	6	0607	GUANO	t	2017-12-04 17:46:02-05
51	6	0608	PALLATANGA	t	2017-12-04 17:46:02-05
52	6	0609	PENIPE	t	2017-12-04 17:46:02-05
53	6	0610	CUMANDÁ	t	2017-12-04 17:46:02-05
54	7	0701	MACHALA	t	2017-12-04 17:46:02-05
55	7	0702	ARENILLAS	t	2017-12-04 17:46:02-05
56	7	0703	ATAHUALPA	t	2017-12-04 17:46:02-05
57	7	0704	BALSAS	t	2017-12-04 17:46:02-05
58	7	0705	CHILLA	t	2017-12-04 17:46:02-05
59	7	0706	EL GUABO	t	2017-12-04 17:46:02-05
60	7	0707	HUAQUILLAS	t	2017-12-04 17:46:02-05
61	7	0708	MARCABELÍ	t	2017-12-04 17:46:02-05
62	7	0709	PASAJE	t	2017-12-04 17:46:02-05
63	7	0710	PIÑAS	t	2017-12-04 17:46:02-05
64	7	0711	PORTOVELO	t	2017-12-04 17:46:02-05
65	7	0712	SANTA ROSA	t	2017-12-04 17:46:02-05
66	7	0713	ZARUMA	t	2017-12-04 17:46:02-05
67	7	0714	LAS LAJAS	t	2017-12-04 17:46:02-05
68	8	0801	ESMERALDAS	t	2017-12-04 17:46:02-05
69	8	0802	ELOY ALFARO	t	2017-12-04 17:46:02-05
70	8	0803	MUISNE	t	2017-12-04 17:46:02-05
71	8	0804	QUININDÉ	t	2017-12-04 17:46:02-05
72	8	0805	SAN LORENZO	t	2017-12-04 17:46:02-05
73	8	0806	ATACAMES	t	2017-12-04 17:46:02-05
74	8	0807	RIOVERDE	t	2017-12-04 17:46:02-05
75	8	0808	LA CONCORDIA	t	2017-12-04 17:46:02-05
76	9	0901	GUAYAQUIL	t	2017-12-04 17:46:02-05
77	9	0902	ALFREDO BAQUERIZO MORENO (JUJÁN)	t	2017-12-04 17:46:02-05
78	9	0903	BALAO	t	2017-12-04 17:46:02-05
79	9	0904	BALZAR	t	2017-12-04 17:46:02-05
80	9	0905	COLIMES	t	2017-12-04 17:46:02-05
81	9	0906	DAULE	t	2017-12-04 17:46:02-05
82	9	0907	DURÁN	t	2017-12-04 17:46:02-05
83	9	0908	EL EMPALME	t	2017-12-04 17:46:02-05
84	9	0909	EL TRIUNFO	t	2017-12-04 17:46:02-05
85	9	0910	MILAGRO	t	2017-12-04 17:46:02-05
86	9	0912	NARANJAL	t	2017-12-04 17:46:02-05
87	9	0912	NARANJITO	t	2017-12-04 17:46:02-05
88	9	0913	PALESTINA	t	2017-12-04 17:46:02-05
89	9	0914	PEDRO CARBO	t	2017-12-04 17:46:02-05
90	9	0915	SAMBORONDÓN	t	2017-12-04 17:46:02-05
91	9	0916	SANTA LUCÍA	t	2017-12-04 17:46:02-05
92	9	0917	SALITRE (URBINA JADO)	t	2017-12-04 17:46:02-05
93	9	0918	SAN JACINTO DE YAGUACHI	t	2017-12-04 17:46:02-05
94	9	0919	PLAYAS	t	2017-12-04 17:46:02-05
95	9	0920	SIMÓN BOLÍVAR	t	2017-12-04 17:46:02-05
96	9	0921	CORONEL MARCELINO MARIDUEÑA	t	2017-12-04 17:46:02-05
97	9	0922	LOMAS DE SARGENTILLO	t	2017-12-04 17:46:02-05
98	9	0923	NOBOL	t	2017-12-04 17:46:02-05
99	9	0924	GENERAL ANTONIO ELIZALDE	t	2017-12-04 17:46:02-05
100	9	0925	ISIDRO AYORA	t	2017-12-04 17:46:02-05
101	10	1001	IBARRA	t	2017-12-04 17:46:02-05
102	10	1002	ANTONIO ANTE	t	2017-12-04 17:46:02-05
103	10	1003	COTACACHI	t	2017-12-04 17:46:02-05
104	10	1004	OTAVALO	t	2017-12-04 17:46:02-05
105	10	1005	PIMAMPIRO	t	2017-12-04 17:46:02-05
106	10	1006	SAN MIGUEL DE URCUQUÍ	t	2017-12-04 17:46:02-05
107	11	1101	LOJA	t	2017-12-04 17:46:02-05
108	11	1102	CALVAS	t	2017-12-04 17:46:02-05
109	11	1103	CATAMAYO	t	2017-12-04 17:46:02-05
110	11	1104	CELICA	t	2017-12-04 17:46:02-05
111	11	1105	CHAGUARPAMBA	t	2017-12-04 17:46:02-05
112	11	1106	ESPÍNDOLA	t	2017-12-04 17:46:02-05
113	11	1107	GONZANAMÁ	t	2017-12-04 17:46:02-05
114	11	1108	MACARÁ	t	2017-12-04 17:46:02-05
115	11	1109	PALTAS	t	2017-12-04 17:46:02-05
116	11	1110	PUYANGO	t	2017-12-04 17:46:02-05
117	11	1111	SARAGURO	t	2017-12-04 17:46:02-05
118	11	1112	SOZORANGA	t	2017-12-04 17:46:02-05
119	11	1113	ZAPOTILLO	t	2017-12-04 17:46:02-05
120	11	1114	PINDAL	t	2017-12-04 17:46:02-05
121	11	1115	QUILANGA	t	2017-12-04 17:46:02-05
122	11	1116	OLMEDO	t	2017-12-04 17:46:02-05
123	12	1201	BABAHOYO	t	2017-12-04 17:46:02-05
124	12	1202	BABA	t	2017-12-04 17:46:02-05
125	12	1203	MONTALVO	t	2017-12-04 17:46:02-05
126	12	1204	PUEBLOVIEJO	t	2017-12-04 17:46:02-05
127	12	1205	QUEVEDO	t	2017-12-04 17:46:02-05
128	12	1206	URDANETA	t	2017-12-04 17:46:02-05
129	12	1207	VENTANAS	t	2017-12-04 17:46:02-05
130	12	1208	VÍNCES	t	2017-12-04 17:46:02-05
131	12	1209	PALENQUE	t	2017-12-04 17:46:02-05
132	12	1210	BUENA FÉ	t	2017-12-04 17:46:02-05
133	12	1211	VALENCIA	t	2017-12-04 17:46:02-05
134	12	1212	MOCACHE	t	2017-12-04 17:46:02-05
135	12	1213	QUINSALOMA	t	2017-12-04 17:46:02-05
136	13	1301	PORTOVIEJO	t	2017-12-04 17:46:02-05
137	13	1302	BOLÍVAR	t	2017-12-04 17:46:02-05
138	13	1303	CHONE	t	2017-12-04 17:46:02-05
139	13	1304	EL CARMEN	t	2017-12-04 17:46:02-05
140	13	1305	FLAVIO ALFARO	t	2017-12-04 17:46:02-05
141	13	1306	JIPIJAPA	t	2017-12-04 17:46:02-05
142	13	1307	JUNÍN	t	2017-12-04 17:46:02-05
143	13	1308	MANTA	t	2017-12-04 17:46:02-05
144	13	1309	MONTECRISTI	t	2017-12-04 17:46:02-05
145	13	1310	PAJÁN	t	2017-12-04 17:46:02-05
146	13	1311	PICHINCHA	t	2017-12-04 17:46:02-05
147	13	1312	ROCAFUERTE	t	2017-12-04 17:46:02-05
148	13	1313	SANTA ANA	t	2017-12-04 17:46:02-05
149	13	1314	SUCRE	t	2017-12-04 17:46:02-05
150	13	1315	TOSAGUA	t	2017-12-04 17:46:02-05
151	13	1316	24 DE MAYO	t	2017-12-04 17:46:02-05
152	13	1317	PEDERNALES	t	2017-12-04 17:46:02-05
153	13	1318	OLMEDO	t	2017-12-04 17:46:02-05
154	13	1319	PUERTO LÓPEZ	t	2017-12-04 17:46:02-05
155	13	1320	JAMA	t	2017-12-04 17:46:02-05
156	13	1321	JARAMIJÓ	t	2017-12-04 17:46:02-05
157	13	1322	SAN VICENTE	t	2017-12-04 17:46:02-05
158	14	1401	MORONA	t	2017-12-04 17:46:02-05
159	14	1402	GUALAQUIZA	t	2017-12-04 17:46:02-05
160	14	1403	LIMÓN INDANZA	t	2017-12-04 17:46:02-05
161	14	1404	PALORA	t	2017-12-04 17:46:02-05
162	14	1405	SANTIAGO	t	2017-12-04 17:46:02-05
163	14	1406	SUCÚA	t	2017-12-04 17:46:02-05
164	14	1407	HUAMBOYA	t	2017-12-04 17:46:02-05
165	14	1408	SAN JUAN BOSCO	t	2017-12-04 17:46:02-05
166	14	1409	TAISHA	t	2017-12-04 17:46:02-05
167	14	1410	LOGROÑO	t	2017-12-04 17:46:02-05
168	14	1411	PABLO SEXTO	t	2017-12-04 17:46:02-05
169	14	1412	TIWINTZA	t	2017-12-04 17:46:02-05
170	15	1501	TENA	t	2017-12-04 17:46:02-05
171	15	1502	ARCHIDONA	t	2017-12-04 17:46:02-05
172	15	1503	EL CHACO	t	2017-12-04 17:46:02-05
173	15	1504	QUIJOS	t	2017-12-04 17:46:02-05
174	15	1505	CARLOS JULIO AROSEMENA TOLA	t	2017-12-04 17:46:02-05
175	16	1601	PASTAZA	t	2017-12-04 17:46:02-05
176	16	1602	MERA	t	2017-12-04 17:46:02-05
177	16	1603	SANTA CLARA	t	2017-12-04 17:46:02-05
178	16	1604	ARAJUNO	t	2017-12-04 17:46:02-05
179	17	1701	QUITO	t	2017-12-04 17:46:02-05
180	17	1702	CAYAMBE	t	2017-12-04 17:46:02-05
181	17	1703	MEJIA	t	2017-12-04 17:46:02-05
182	17	1704	PEDRO MONCAYO	t	2017-12-04 17:46:02-05
183	17	1705	RUMIÑAHUI	t	2017-12-04 17:46:02-05
184	17	1706	SAN MIGUEL DE LOS BANCOS	t	2017-12-04 17:46:02-05
185	17	1707	PEDRO VICENTE MALDONADO	t	2017-12-04 17:46:02-05
186	17	1708	PUERTO QUITO	t	2017-12-04 17:46:02-05
187	18	1801	AMBATO	t	2017-12-04 17:46:02-05
188	18	1802	BAÑOS DE AGUA SANTA	t	2017-12-04 17:46:02-05
189	18	1803	CEVALLOS	t	2017-12-04 17:46:02-05
190	18	1804	MOCHA	t	2017-12-04 17:46:02-05
191	18	1805	PATATE	t	2017-12-04 17:46:02-05
192	18	1806	QUERO	t	2017-12-04 17:46:02-05
193	18	1807	SAN PEDRO DE PELILEO	t	2017-12-04 17:46:02-05
194	18	1808	SANTIAGO DE PÍLLARO	t	2017-12-04 17:46:02-05
195	18	1809	TISALEO	t	2017-12-04 17:46:02-05
196	19	1901	ZAMORA	t	2017-12-04 17:46:02-05
197	19	1902	CHINCHIPE	t	2017-12-04 17:46:02-05
198	19	1903	NANGARITZA	t	2017-12-04 17:46:02-05
199	19	1904	YACUAMBI	t	2017-12-04 17:46:02-05
200	19	1905	YANTZAZA (YANZATZA)	t	2017-12-04 17:46:02-05
201	19	1906	EL PANGUI	t	2017-12-04 17:46:02-05
202	19	1907	CENTINELA DEL CÓNDOR	t	2017-12-04 17:46:02-05
203	19	1908	PALANDA	t	2017-12-04 17:46:02-05
204	19	1909	PAQUISHA	t	2017-12-04 17:46:02-05
205	20	2001	SAN CRISTÓBAL	t	2017-12-04 17:46:02-05
206	20	2002	ISABELA	t	2017-12-04 17:46:02-05
207	20	2003	SANTA CRUZ	t	2017-12-04 17:46:02-05
208	21	2101	LAGO AGRIO	t	2017-12-04 17:46:02-05
215	22	2201	ORELLANA	t	2017-12-04 17:46:02-05
216	22	2202	AGUARICO	t	2017-12-04 17:46:02-05
217	22	2203	LA JOYA DE LOS SACHAS	t	2017-12-04 17:46:02-05
218	22	2204	LORETO	t	2017-12-04 17:46:02-05
209	21	2102	GONZALO PIZARRO	t	2017-12-04 17:46:02-05
210	21	2103	PUTUMAYO	t	2017-12-04 17:46:02-05
211	21	2104	SHUSHUFINDI	t	2017-12-04 17:46:02-05
212	21	2105	SUCUMBÍOS	t	2017-12-04 17:46:02-05
213	21	2106	CASCALES	t	2017-12-04 17:46:02-05
214	21	2107	CUYABENO	t	2017-12-04 17:46:02-05
219	23	2301	SANTO DOMINGO	t	2017-12-04 17:46:02-05
220	24	2401	SANTA ELENA	t	2017-12-04 17:46:02-05
221	24	2402	LA LIBERTAD	t	2017-12-04 17:46:02-05
222	24	2403	SALINAS	t	2017-12-04 17:46:02-05
223	25	9001	LAS GOLONDRINAS	t	2017-12-04 17:46:02-05
224	25	9002	MANGA DEL CURA	t	2017-12-04 17:46:02-05
225	25	9003	EL PIEDRERO	t	2017-12-04 17:46:02-05
\.


--
-- TOC entry 1996 (class 0 OID 0)
-- Dependencies: 164
-- Name: ciudad_id_seq; Type: SEQUENCE SET; Schema: public; Owner: postgres
--

SELECT pg_catalog.setval('ciudad_id_seq', 225, true);


--
-- TOC entry 1975 (class 0 OID 178341)
-- Dependencies: 169 1986
-- Data for Name: clientes; Type: TABLE DATA; Schema: public; Owner: postgres
--

COPY clientes (id, nombres, apellidos, direccion, telefono, email, clave, condiciones, estado, fecha_creacion) FROM stdin;
1	Oscar	Troya	Otavalo	0989475676	oskrs11@hotmail.com	12345		1	2019-01-08 21:03:10-05
\.


--
-- TOC entry 1978 (class 0 OID 203043)
-- Dependencies: 172 1986
-- Data for Name: empleados; Type: TABLE DATA; Schema: public; Owner: postgres
--

COPY empleados (id, identificacion, nombres_completos, telefono1, telefono2, id_ciudad, direccion, correo, imagen, observaciones, clave, estado, fecha_creacion) FROM stdin;
\.


--
-- TOC entry 1973 (class 0 OID 161647)
-- Dependencies: 167 1986
-- Data for Name: empresa; Type: TABLE DATA; Schema: public; Owner: postgres
--

COPY empresa (id, ruc, razon_social, nombre_comercial, telefono1, telefono2, ciudad, direccion, correo, sitio_web, slogan, imagen, observaciones, estado, feha_creacion) FROM stdin;
1	1003129903001	MONTESDEOCA LOPEZ CARLA ESTEFANIA	CONCEPTUAL BUSINESS GROUP / CORPORACION EFE - EME	(062) 922-670	(098) 947-5676	OTAVALO	Miguel Egas y  Morales	oskrs11@hotmail.com	www.ventas.com	Todo en Ventas Tubos	./logo/1.jpg		1	2018-01-22 10:59:22-05
\.


--
-- TOC entry 1985 (class 0 OID 334013)
-- Dependencies: 179 1986
-- Data for Name: llamado; Type: TABLE DATA; Schema: public; Owner: postgres
--

COPY llamado (id, id_cliente, id_servicio, latitud, longitud, descripcion, estado, fecha_creacion) FROM stdin;
1	1	3	-78.26525319999999	0.23146039999999998	asdad	1	2019-01-09 07:42:28-05
2	1	2	-78.2651679	0.2314308		1	2019-01-09 07:54:58-05
3	1	1	-78.2652401	0.2314628		1	2019-01-09 07:56:14-05
4	1	1	-78.2651982	0.23144009999999998	qweqwe	1	2019-01-09 07:57:12-05
5	1	5	-78.2652021	0.23141230000000002	56456	1	2019-01-09 10:06:28-05
6	1	1	-78.1674381	0.3425902	fsdf	1	2019-01-09 14:54:16-05
\.


--
-- TOC entry 1984 (class 0 OID 334005)
-- Dependencies: 178 1986
-- Data for Name: mensajeria_respuesta; Type: TABLE DATA; Schema: public; Owner: postgres
--

COPY mensajeria_respuesta (id, id_respuesta, mensaje, estado, fecha_creacion) FROM stdin;
\.


--
-- TOC entry 1976 (class 0 OID 202923)
-- Dependencies: 170 1986
-- Data for Name: perfil; Type: TABLE DATA; Schema: public; Owner: postgres
--

COPY perfil (id, nombre_perfil, observaciones, estado, fecha_creacion) FROM stdin;
1	ADMINISTRADOR	\N	1	2018-01-22 10:59:22-05
2	ASISTENTE	\N	1	2018-01-22 10:59:22-05
\.


--
-- TOC entry 1972 (class 0 OID 161639)
-- Dependencies: 166 1986
-- Data for Name: privilegios; Type: TABLE DATA; Schema: public; Owner: postgres
--

COPY privilegios (id, id_perfil, data, estado, fecha_creacion) FROM stdin;
2	2	["require","empresa","servicios","mecanicos","tecnicos","clientes","winchas","cargos","usuarios","privilegios","cuenta"]	1	2018-05-02 12:11:15-05
1	1	["require","cuenta","privilegios","empresa","cargos","servicios","clientes","empleados","winchas","disponibles","perfil","usuarios"]	1	2018-05-02 12:11:15-05
\.


--
-- TOC entry 1997 (class 0 OID 0)
-- Dependencies: 162
-- Name: provincia_id_seq; Type: SEQUENCE SET; Schema: public; Owner: postgres
--

SELECT pg_catalog.setval('provincia_id_seq', 25, true);


--
-- TOC entry 1967 (class 0 OID 161592)
-- Dependencies: 161 1986
-- Data for Name: provincias; Type: TABLE DATA; Schema: public; Owner: postgres
--

COPY provincias (id, codigo, nombre_provincia, codigo_telefonico, estado, fecha_creacion) FROM stdin;
1	01\r\n	AZUAY\r\n	(072)	t	2017-12-04 17:46:02-05
2	02	BOLIVAR\r\n	(032)	t	2017-12-04 17:46:02-05
3	03	CAÑAR\r\n	(072)	t	2017-12-04 17:46:02-05
4	04	CARCHI\r\n	(062)	t	2017-12-04 17:46:02-05
5	05	COTOPAXI\r\n	(032)	t	2017-12-04 17:46:02-05
6	06	CHIMBORAZO\r\n	(032)	t	2017-12-04 17:46:02-05
7	07	EL ORO\r\n	(072)	t	2017-12-04 17:46:02-05
8	08	ESMERALDAS\r\n	(062)	t	2017-12-04 17:46:02-05
9	09	GUAYAS\r\n	(042)	t	2017-12-04 17:46:02-05
10	10	IMBABURA\r\n	(062)	t	2017-12-04 17:46:02-05
11	11	LOJA\r\n	(072)	t	2017-12-04 17:46:02-05
12	12	LOS RIOS\r\n	(052)	t	2017-12-04 17:46:02-05
13	13	MANABI\r\n	(052)	t	2017-12-04 17:46:02-05
14	14	MORONA SANTIAGO\r\n	(072)	t	2017-12-04 17:46:02-05
15	15	NAPO\r\n	(062)	t	2017-12-04 17:46:02-05
16	16	PASTAZA\r\n	(032)	t	2017-12-04 17:46:02-05
17	17	PICHINCHA\r\n	(022)	t	2017-12-04 17:46:02-05
18	18	TUNGURAHUA\r\n	(032)	t	2017-12-04 17:46:02-05
19	19	ZAMORA CHINCHIPE\r\n	(072)	t	2017-12-04 17:46:02-05
20	20	GALAPAGOS\r\n	(052)	t	2017-12-04 17:46:02-05
21	21	SUCUMBIOS\r\n	(062)	t	2017-12-04 17:46:02-05
22	22	ORELLANA\r\n	(062)	t	2017-12-04 17:46:02-05
23	23	SANTO DOMINGO DE LOS TSACHILAS\r\n	(022)	t	2017-12-04 17:46:02-05
24	24	SANTA ELENA\r\n	(042)	t	2017-12-04 17:46:02-05
25	90	ZONAS NO DELIMITADAS\r\n	\N	t	2017-12-04 17:46:02-05
\.


--
-- TOC entry 1979 (class 0 OID 325789)
-- Dependencies: 173 1986
-- Data for Name: relacion_cargos; Type: TABLE DATA; Schema: public; Owner: postgres
--

COPY relacion_cargos (id, id_empleado, id_cargo, estado, fecha_creacion) FROM stdin;
\.


--
-- TOC entry 1980 (class 0 OID 325797)
-- Dependencies: 174 1986
-- Data for Name: relacion_servicios; Type: TABLE DATA; Schema: public; Owner: postgres
--

COPY relacion_servicios (id, id_empleado, id_servicio, estado, fecha_creacion) FROM stdin;
\.


--
-- TOC entry 1981 (class 0 OID 333981)
-- Dependencies: 175 1986
-- Data for Name: responsable_winchas; Type: TABLE DATA; Schema: public; Owner: postgres
--

COPY responsable_winchas (id, id_responsable, id_wincha, estado, fecha_creacion) FROM stdin;
\.


--
-- TOC entry 1983 (class 0 OID 333997)
-- Dependencies: 177 1986
-- Data for Name: respuesta; Type: TABLE DATA; Schema: public; Owner: postgres
--

COPY respuesta (id, id_empleado, id_llamado, latitud, longitud, tiempo, pago, seguro, estado, fecha_creacion) FROM stdin;
\.


--
-- TOC entry 1974 (class 0 OID 178333)
-- Dependencies: 168 1986
-- Data for Name: servicios; Type: TABLE DATA; Schema: public; Owner: postgres
--

COPY servicios (id, servicio, observaciones, estado, fecha_creacion) FROM stdin;
4	SERVICIO DE RESCATE		1	2018-06-19 15:51:14-05
3	SERVICIO DE TRANSPORTE		1	2018-06-19 15:51:38-05
1	SERVICIO DE WINCHA		1	2018-06-19 15:51:47-05
5	SERVICIO DE MECANICA		1	2018-06-27 11:08:01-05
2	SERVICIO DE AUXILIO		1	2018-06-27 11:44:12-05
\.


--
-- TOC entry 1971 (class 0 OID 161623)
-- Dependencies: 165 1986
-- Data for Name: usuarios; Type: TABLE DATA; Schema: public; Owner: postgres
--

COPY usuarios (id, identificacion, nombres_completos, telefono1, telefono2, id_ciudad, direccion, correo, usuario, clave, id_perfil, imagen, observaciones, estado, fecha_creacion) FROM stdin;
1	1004358584	ADMINISTRADOR		(098) 947-5676	101	Miguel Egas y Morales	dayana@hotmail.com	Admin	827ccb0eea8a706c4c34a16891f84e7b	1	defaul.jpg		1	2019-01-08 14:52:54-05
\.


--
-- TOC entry 1982 (class 0 OID 333989)
-- Dependencies: 176 1986
-- Data for Name: winchas; Type: TABLE DATA; Schema: public; Owner: postgres
--

COPY winchas (id, modelo, servicio, placa, id_responsable, imagen, estado, fecha_creacion) FROM stdin;
\.


--
-- TOC entry 1849 (class 2606 OID 202938)
-- Dependencies: 171 171 1987
-- Name: cargos_pkey; Type: CONSTRAINT; Schema: public; Owner: postgres; Tablespace: 
--

ALTER TABLE ONLY cargos
    ADD CONSTRAINT cargos_pkey PRIMARY KEY (id);


--
-- TOC entry 1835 (class 2606 OID 161613)
-- Dependencies: 163 163 1987
-- Name: ciudad_pkey; Type: CONSTRAINT; Schema: public; Owner: postgres; Tablespace: 
--

ALTER TABLE ONLY ciudad
    ADD CONSTRAINT ciudad_pkey PRIMARY KEY (id);


--
-- TOC entry 1845 (class 2606 OID 178348)
-- Dependencies: 169 169 1987
-- Name: clientes_pkey; Type: CONSTRAINT; Schema: public; Owner: postgres; Tablespace: 
--

ALTER TABLE ONLY clientes
    ADD CONSTRAINT clientes_pkey PRIMARY KEY (id);


--
-- TOC entry 1851 (class 2606 OID 211102)
-- Dependencies: 172 172 1987
-- Name: empleados_pkey; Type: CONSTRAINT; Schema: public; Owner: postgres; Tablespace: 
--

ALTER TABLE ONLY empleados
    ADD CONSTRAINT empleados_pkey PRIMARY KEY (id);


--
-- TOC entry 1841 (class 2606 OID 161654)
-- Dependencies: 167 167 1987
-- Name: empresa_pkey; Type: CONSTRAINT; Schema: public; Owner: postgres; Tablespace: 
--

ALTER TABLE ONLY empresa
    ADD CONSTRAINT empresa_pkey PRIMARY KEY (id);


--
-- TOC entry 1865 (class 2606 OID 334020)
-- Dependencies: 179 179 1987
-- Name: llamado_pkey; Type: CONSTRAINT; Schema: public; Owner: postgres; Tablespace: 
--

ALTER TABLE ONLY llamado
    ADD CONSTRAINT llamado_pkey PRIMARY KEY (id);


--
-- TOC entry 1863 (class 2606 OID 334012)
-- Dependencies: 178 178 1987
-- Name: mensajeria_respuesta_pkey; Type: CONSTRAINT; Schema: public; Owner: postgres; Tablespace: 
--

ALTER TABLE ONLY mensajeria_respuesta
    ADD CONSTRAINT mensajeria_respuesta_pkey PRIMARY KEY (id);


--
-- TOC entry 1847 (class 2606 OID 202930)
-- Dependencies: 170 170 1987
-- Name: perfil_pkey; Type: CONSTRAINT; Schema: public; Owner: postgres; Tablespace: 
--

ALTER TABLE ONLY perfil
    ADD CONSTRAINT perfil_pkey PRIMARY KEY (id);


--
-- TOC entry 1839 (class 2606 OID 161646)
-- Dependencies: 166 166 1987
-- Name: privilegios_pkey; Type: CONSTRAINT; Schema: public; Owner: postgres; Tablespace: 
--

ALTER TABLE ONLY privilegios
    ADD CONSTRAINT privilegios_pkey PRIMARY KEY (id);


--
-- TOC entry 1833 (class 2606 OID 161602)
-- Dependencies: 161 161 1987
-- Name: provincia_pkey; Type: CONSTRAINT; Schema: public; Owner: postgres; Tablespace: 
--

ALTER TABLE ONLY provincias
    ADD CONSTRAINT provincia_pkey PRIMARY KEY (id);


--
-- TOC entry 1853 (class 2606 OID 325796)
-- Dependencies: 173 173 1987
-- Name: relacion_cargos_pkey; Type: CONSTRAINT; Schema: public; Owner: postgres; Tablespace: 
--

ALTER TABLE ONLY relacion_cargos
    ADD CONSTRAINT relacion_cargos_pkey PRIMARY KEY (id);


--
-- TOC entry 1855 (class 2606 OID 325804)
-- Dependencies: 174 174 1987
-- Name: relacion_servicios_pkey; Type: CONSTRAINT; Schema: public; Owner: postgres; Tablespace: 
--

ALTER TABLE ONLY relacion_servicios
    ADD CONSTRAINT relacion_servicios_pkey PRIMARY KEY (id);


--
-- TOC entry 1857 (class 2606 OID 333988)
-- Dependencies: 175 175 1987
-- Name: responsable_winchas_pkey; Type: CONSTRAINT; Schema: public; Owner: postgres; Tablespace: 
--

ALTER TABLE ONLY responsable_winchas
    ADD CONSTRAINT responsable_winchas_pkey PRIMARY KEY (id);


--
-- TOC entry 1861 (class 2606 OID 334004)
-- Dependencies: 177 177 1987
-- Name: respuesta_pkey; Type: CONSTRAINT; Schema: public; Owner: postgres; Tablespace: 
--

ALTER TABLE ONLY respuesta
    ADD CONSTRAINT respuesta_pkey PRIMARY KEY (id);


--
-- TOC entry 1843 (class 2606 OID 178340)
-- Dependencies: 168 168 1987
-- Name: servicios_pkey; Type: CONSTRAINT; Schema: public; Owner: postgres; Tablespace: 
--

ALTER TABLE ONLY servicios
    ADD CONSTRAINT servicios_pkey PRIMARY KEY (id);


--
-- TOC entry 1837 (class 2606 OID 161630)
-- Dependencies: 165 165 1987
-- Name: usuarios_pkey; Type: CONSTRAINT; Schema: public; Owner: postgres; Tablespace: 
--

ALTER TABLE ONLY usuarios
    ADD CONSTRAINT usuarios_pkey PRIMARY KEY (id);


--
-- TOC entry 1859 (class 2606 OID 333996)
-- Dependencies: 176 176 1987
-- Name: winchas_pkey; Type: CONSTRAINT; Schema: public; Owner: postgres; Tablespace: 
--

ALTER TABLE ONLY winchas
    ADD CONSTRAINT winchas_pkey PRIMARY KEY (id);


--
-- TOC entry 1992 (class 0 OID 0)
-- Dependencies: 5
-- Name: public; Type: ACL; Schema: -; Owner: postgres
--

REVOKE ALL ON SCHEMA public FROM PUBLIC;
REVOKE ALL ON SCHEMA public FROM postgres;
GRANT ALL ON SCHEMA public TO postgres;
GRANT ALL ON SCHEMA public TO PUBLIC;


-- Completed on 2019-01-09 19:11:07

--
-- PostgreSQL database dump complete
--

